{"ep_reward": 2.0, "ep_reward_avg": 3.2, "loss": 0.004609652957030515, "eps": 0.03680919999999999, "fps": 184.65945564692748, "_runtime": 6387, "_timestamp": 1623773687, "_step": 972920}