{"ep_reward": 0.0, "ep_reward_avg": 0.2, "loss": 0, "eps": 0.9885060999999999, "fps": 403.54477231085866, "_runtime": 54, "_timestamp": 1623751060, "_step": 11610}