{"ep_reward": 3.0, "ep_reward_avg": 0.5, "loss": 0.0025768899845646834, "eps": 0.9980496999999999, "fps": 150.7886968077558, "_runtime": 25, "_timestamp": 1623697252, "_step": 1970}