{"ep_reward": 1.0, "ep_reward_avg": 0.5, "loss": 0.00970246495299236, "eps": 0.9929808999999999, "fps": 89.45322795132354, "_runtime": 95, "_timestamp": 1623699653, "_step": 7090}