{"ep_reward": 0.0, "ep_reward_avg": 0.1, "loss": 0, "eps": 0.9986635, "fps": 591.0364162198796, "_runtime": 14, "_timestamp": 1623700408, "_step": 1350}