{"ep_reward": 1.0, "ep_reward_avg": 0.3, "loss": 0, "eps": 0.9967528000000001, "fps": 210.8721642924463, "_runtime": 31, "_timestamp": 1623741499, "_step": 3280}