{"ep_reward": 0.0, "ep_reward_avg": 2.1, "loss": 0, "eps": 0.91191079, "fps": 465.4164259993381, "_runtime": 291, "_timestamp": 1624079133, "_step": 138979}