{"ep_reward": 0.0, "ep_reward_avg": 0.5, "loss": 0, "eps": 0.9984061, "fps": 532.2045425707397, "_runtime": 14, "_timestamp": 1623697398, "_step": 1610}