{"ep_reward": 1.0, "ep_reward_avg": 0.2, "loss": 0, "eps": 0.9858133, "fps": 332.49094482337205, "_runtime": 63, "_timestamp": 1623750620, "_step": 14330}