{"ep_reward": 0.0, "ep_reward_avg": 0.4, "loss": 0.04927743325455854, "eps": 0.9135829, "fps": 227.5338057239692, "_runtime": 531, "_timestamp": 1623776736, "_step": 87290}