{"ep_reward": 0.0, "ep_reward_avg": 0.5, "loss": 0.002719245269287781, "eps": 0.6375817899999999, "fps": 209.3012857772469, "_runtime": 1383, "_timestamp": 1623838602, "_step": 366079}