{"ep_reward": 0.0, "ep_reward_avg": 0.2, "loss": 0, "eps": 0.933373, "fps": 451.0172984496849, "_runtime": 233, "_timestamp": 1623752670, "_step": 67300}