{"ep_reward": 1.0, "ep_reward_avg": 2.0, "loss": 0.18894873112663133, "eps": 0.97164343, "fps": 255.72913007485369, "_runtime": 130, "_timestamp": 1623958497, "_step": 29643}