{"ep_reward": 0.0, "ep_reward_avg": 0.4, "loss": 0, "eps": 0.9873774999999999, "fps": 179.01279992846023, "_runtime": 71, "_timestamp": 1623743856, "_step": 12750}