{"ep_reward": 0.0, "ep_reward_avg": 0.7, "loss": 0, "eps": 0.9983566, "fps": 213.93340873306278, "_runtime": 21, "_timestamp": 1623699334, "_step": 1660}