{"ep_reward": 0.0, "ep_reward_avg": 0.1, "loss": 0.010954257100820541, "eps": 0.9982477, "fps": 70.45111385054012, "_runtime": 38, "_timestamp": 1623741189, "_step": 1770}