{"ep_reward": 58.0, "ep_reward_avg": 83.9, "loss": 0.008270479515686904, "eps": 0.01, "fps": 184.8116869238974, "_runtime": 7417, "_timestamp": 1623944534, "_step": 1418343}