{"ep_reward": 3.0, "ep_reward_avg": 1.8, "loss": 0, "eps": 0.98800813, "fps": 272.44994875755845, "_runtime": 66, "_timestamp": 1624079789, "_step": 13113}