{"ep_reward": 0.0, "ep_reward_avg": 0.0, "loss": 0.2497401276759352, "eps": 0.9963964000000001, "fps": 134.26764999100618, "_runtime": 35, "_timestamp": 1623697350, "_step": 3640}