{"ep_reward": 0.0, "ep_reward_avg": 0.7, "loss": 0.054898882004942626, "eps": 0.96579253, "fps": 214.88103347118354, "_runtime": 168, "_timestamp": 1623961168, "_step": 35553}