{"ep_reward": 4.0, "ep_reward_avg": 1.8, "loss": 0.10461750690962646, "eps": 0.9900178300000001, "fps": 163.5723269145746, "_runtime": 89, "_timestamp": 1624013396, "_step": 11083}