{"ep_reward": 4.0, "ep_reward_avg": 1.5714285714285714, "loss": 0, "eps": 1, "fps": 552.2680251313595, "_runtime": 13, "_timestamp": 1623779668, "_step": 1375}