{"ep_reward": 0.0, "ep_reward_avg": 0.9, "loss": 0, "eps": 0.99853183, "fps": 256.5814808313252, "_runtime": 26, "_timestamp": 1624079861, "_step": 2483}