{"ep_reward": 0.0, "ep_reward_avg": 0.1, "loss": 0.019179731491082114, "eps": 0.9816058, "fps": 212.37122534656254, "_runtime": 163, "_timestamp": 1623774240, "_step": 18580}