{"ep_reward": 6.0, "ep_reward_avg": 5.0, "loss": 0.002677480099677569, "eps": 0.45820666, "fps": 194.12034126852421, "_runtime": 2862, "_timestamp": 1624078797, "_step": 597266}