{"ep_reward": 0.0, "ep_reward_avg": 0.4, "loss": 0, "eps": 0.9902089000000001, "fps": 403.74744490110237, "_runtime": 59, "_timestamp": 1623751406, "_step": 9890}