{"ep_reward": 5.0, "ep_reward_avg": 4.6, "loss": 0.0031045347879995098, "eps": 0.47664343000000003, "fps": 150.5347021324643, "_runtime": 3441, "_timestamp": 1624019077, "_step": 578643}