{"ep_reward": 0.0, "ep_reward_avg": 0.4, "loss": 0, "eps": 0.999208, "fps": 203.81734631141046, "_runtime": 18, "_timestamp": 1623699758, "_step": 800}