{"ep_reward": 2.0, "ep_reward_avg": 1.1, "loss": 0, "eps": 0.9884664999999999, "fps": 360.8256818560882, "_runtime": 53, "_timestamp": 1623751636, "_step": 11650}