{"ep_reward": 1.0, "ep_reward_avg": 0.1, "loss": 0, "eps": 0.9993565, "fps": 120.89659162541842, "_runtime": 22, "_timestamp": 1623741366, "_step": 650}