{"ep_reward": 0.0, "ep_reward_avg": 0.1, "loss": 0, "eps": 0.9996436, "fps": 184.85324258241548, "_runtime": 19, "_timestamp": 1623741670, "_step": 360}