{"ep_reward": 0.0, "ep_reward_avg": 1.6, "loss": 0.28852031077479945, "eps": 0.93714094, "fps": 206.642270482335, "_runtime": 167, "_timestamp": 1623779849, "_step": 63494}