{"ep_reward": 2.0, "ep_reward_avg": 0.2, "loss": 0.0008497572281839263, "eps": 0.9957925, "fps": 81.87688124418091, "_runtime": 62, "_timestamp": 1623694806, "_step": 4250}