{"ep_reward": 0.0, "ep_reward_avg": 0.3, "loss": 0, "eps": 0.9496189, "fps": 390.19306406076834, "_runtime": 118, "_timestamp": 1623752817, "_step": 50890}