{"ep_reward": 1.0, "ep_reward_avg": 1.1, "loss": 0, "eps": 0.99105535, "fps": 383.74211495779565, "_runtime": 44, "_timestamp": 1624079940, "_step": 10035}