{"ep_reward": 0.0, "ep_reward_avg": 0.1, "loss": 0.00938588859483346, "eps": 0.9988218999999999, "fps": 63.63347999023753, "_runtime": 27, "_timestamp": 1623700321, "_step": 1190}