{"ep_reward": 0.0, "ep_reward_avg": 0.1, "loss": 0, "eps": 0.9903673, "fps": 198.11960412631976, "_runtime": 56, "_timestamp": 1623700476, "_step": 9730}