{"ep_reward": 0.0, "ep_reward_avg": 0.5, "loss": 0.002743075818868247, "eps": 0.8055541, "fps": 148.87327969086132, "_runtime": 1504, "_timestamp": 1623776853, "_step": 196410}