{"ep_reward": 0.0, "ep_reward_avg": 0.1, "loss": 0, "eps": 0.9952183, "fps": 219.72361045628372, "_runtime": 55, "_timestamp": 1623743557, "_step": 4830}