{"ep_reward": 0.0, "ep_reward_avg": 0.4, "loss": 0, "eps": 0.9985645000000001, "fps": 185.8024275715425, "_runtime": 20, "_timestamp": 1623699807, "_step": 1450}