{"ep_reward": 0.0, "ep_reward_avg": 0.1, "loss": 0, "eps": 0.9095338, "fps": 428.5149162239477, "_runtime": 276, "_timestamp": 1623752223, "_step": 91380}