{"ep_reward": 0.0, "ep_reward_avg": 1.0, "loss": 0, "eps": 0.85183759, "fps": 447.94592397827734, "_runtime": 347, "_timestamp": 1624080601, "_step": 150659}