{"ep_reward": 0.0, "ep_reward_avg": 0.2, "loss": 0.07127276733727714, "eps": 0.9987922, "fps": 87.475226579254, "_runtime": 85, "_timestamp": 1623696277, "_step": 1220}