{"ep_reward": 0.0, "ep_reward_avg": 0.1, "loss": 0.009724808024034408, "eps": 0.9385804, "fps": 227.51798795300067, "_runtime": 364, "_timestamp": 1623775265, "_step": 62040}