{"ep_reward": 1.0, "ep_reward_avg": 1.8, "loss": 0.043477235548884004, "eps": 0.93743398, "fps": 186.24847070381463, "_runtime": 297, "_timestamp": 1623958555, "_step": 64198}