{"ep_reward": 3.0, "ep_reward_avg": 1.6, "loss": 0.19526133162830486, "eps": 0.99815167, "fps": 191.00717982917223, "_runtime": 40, "_timestamp": 1624012158, "_step": 2867}