{"ep_reward": 0.0, "ep_reward_avg": 0.3, "loss": 0.019125234286450347, "eps": 0.9953272000000001, "fps": 80.86144024891536, "_runtime": 176, "_timestamp": 1623659333, "_step": 4720}