{"ep_reward": 1.0, "ep_reward_avg": 1.3, "loss": 0.19079076818261984, "eps": 0.99033166, "fps": 167.8968084958393, "_runtime": 86, "_timestamp": 1624012106, "_step": 10766}