{"ep_reward": 0.0, "ep_reward_avg": 0.4, "loss": 0.10512043251422679, "eps": 0.9912286, "fps": 91.75420231409046, "_runtime": 218, "_timestamp": 1623700881, "_step": 8860}