{"ep_reward": 29.0, "ep_reward_avg": 17.7, "loss": 0.01570751260468511, "eps": 0.01, "fps": 189.51622512457422, "_runtime": 10769, "_timestamp": 1623971952, "_step": 2042898}