{"ep_reward": 12.0, "ep_reward_avg": 17.5, "loss": 0.0031866561690580093, "eps": 0.19191151000000006, "fps": 173.9612061214517, "_runtime": 4428, "_timestamp": 1624079689, "_step": 866251}