{"ep_reward": 0.0, "ep_reward_avg": 0.3, "loss": 0.209772023440545, "eps": 0.9989209, "fps": 75.66842341815888, "_runtime": 26, "_timestamp": 1623698491, "_step": 1090}