{"ep_reward": 0.0, "ep_reward_avg": 1.2857142857142858, "loss": 0.11335973730805213, "eps": 0.99981586, "fps": 180.40710747658395, "_runtime": 19, "_timestamp": 1623957564, "_step": 1186}