{"ep_reward": 0.0, "ep_reward_avg": 0.2, "loss": 0, "eps": 0.9965250999999999, "fps": 155.99873220395992, "_runtime": 32, "_timestamp": 1623741606, "_step": 3510}