{"ep_reward": 2.0, "ep_reward_avg": 0.5, "loss": 0.10462655127048492, "eps": 0.998119, "fps": 181.22880566046553, "_runtime": 27, "_timestamp": 1623746148, "_step": 1900}