{"ep_reward": 0.0, "ep_reward_avg": 1.1, "loss": 0, "eps": 0.99052372, "fps": 404.4862170520793, "_runtime": 44, "_timestamp": 1624080655, "_step": 10572}