{"ep_reward": 0.0, "ep_reward_avg": 0.6, "loss": 0, "eps": 0.9914167, "fps": 352.43547992298727, "_runtime": 45, "_timestamp": 1623749312, "_step": 8670}