{"ep_reward": 1.0, "ep_reward_avg": 1.6, "loss": 0.10738506070996899, "eps": 0.99452629, "fps": 171.01897611756468, "_runtime": 51, "_timestamp": 1623957378, "_step": 6529}