{"ep_reward": 0.0, "ep_reward_avg": 0.0, "loss": 0, "eps": 0.9999901, "fps": 165.11967750062988, "_runtime": 10, "_timestamp": 1623699213, "_step": 10}