{"ep_reward": 1.0, "ep_reward_avg": 0.4, "loss": 0, "eps": 0.9944956, "fps": 382.0350464179366, "_runtime": 32, "_timestamp": 1623747977, "_step": 5560}