{"ep_reward": 1.0, "ep_reward_avg": 11.4, "loss": 0.01018134996221237, "eps": 0.01, "fps": 62.34506139063481, "_runtime": 37195, "_timestamp": 1623738129, "_step": 2505410}