{"ep_reward": 0.0, "ep_reward_avg": 0.0, "loss": 0.10870669782161713, "eps": 0.9604099, "fps": 241.29312656328165, "_runtime": 365, "_timestamp": 1623755614, "_step": 39990}