{"ep_reward": 1.0, "ep_reward_avg": 0.8, "loss": 0, "eps": 0.9308782, "fps": 1.7441088105951004, "_runtime": 303, "_timestamp": 1623749090, "_step": 69820}