{"ep_reward": 0.0, "ep_reward_avg": 0.0, "loss": 0, "eps": 0.9930205, "fps": 331.86323527894075, "_runtime": 38, "_timestamp": 1623752271, "_step": 7050}