{"ep_reward": 0.0, "ep_reward_avg": 0.1, "loss": 0, "eps": 0.9931888, "fps": 361.18939521579114, "_runtime": 37, "_timestamp": 1623748611, "_step": 6880}