{"ep_reward": 1.0, "ep_reward_avg": 2.3, "loss": 0.10830444584840267, "eps": 0.9883873, "fps": 170.3217191007288, "_runtime": 94, "_timestamp": 1624013686, "_step": 12730}