{"ep_reward": 1.0, "ep_reward_avg": 0.6, "loss": 0, "eps": 0.9692803, "fps": 372.9656180877091, "_runtime": 114, "_timestamp": 1623750543, "_step": 31030}