{"ep_reward": 2.0, "ep_reward_avg": 1.7, "loss": 0.09542087238781087, "eps": 0.97569748, "fps": 197.00996387791218, "_runtime": 142, "_timestamp": 1624014219, "_step": 25548}