{"ep_reward": 1.0, "ep_reward_avg": 1.0, "loss": 0.1160305831218983, "eps": 0.99892981, "fps": 162.37756616940632, "_runtime": 25, "_timestamp": 1623957437, "_step": 2081}