{"ep_reward": 0.0, "ep_reward_avg": 0.7, "loss": 0.003622929393094096, "eps": 0.3844873, "fps": 62.1179912890954, "_runtime": 9615, "_timestamp": 1623772353, "_step": 621730}