{"ep_reward": 1.0, "ep_reward_avg": 0.5, "loss": 0, "eps": 0.9897931, "fps": 243.1217082962653, "_runtime": 58, "_timestamp": 1623743776, "_step": 10310}