{"ep_reward": 5.0, "ep_reward_avg": 5.1, "loss": 0.004238811872003594, "eps": 0.44206966, "fps": 90.53759008875504, "_runtime": 5483, "_timestamp": 1623925755, "_step": 563566}