{"ep_reward": 1.0, "ep_reward_avg": 1.6, "loss": 0.005520615527532285, "eps": 0.6185609200000001, "fps": 111.1555680607799, "_runtime": 3482, "_timestamp": 1623929408, "_step": 385292}