{"ep_reward": 0.0, "ep_reward_avg": 0.0, "loss": 0.028038417920470238, "eps": 0.20541609999999996, "fps": 177.94701561641108, "_runtime": 4611, "_timestamp": 1623761153, "_step": 802610}