{"ep_reward": 0.0, "ep_reward_avg": 0.5, "loss": 0, "eps": 0.998911, "fps": 267.2804326624701, "_runtime": 40, "_timestamp": 1623748073, "_step": 1100}