{"ep_reward": 0.0, "ep_reward_avg": 0.1, "loss": 0, "eps": 0.9986832999999999, "fps": 228.6542324110747, "_runtime": 22, "_timestamp": 1623741249, "_step": 1330}