{"ep_reward": 0.0, "ep_reward_avg": 0.1, "loss": 107.89908599853516, "eps": 0.9991684000000001, "fps": 77.39319475097454, "_runtime": 24, "_timestamp": 1623699053, "_step": 840}