{"ep_reward": 0.0, "ep_reward_avg": 0.8, "loss": 0.100431342309945, "eps": 0.9323434, "fps": 229.48357042363608, "_runtime": 198, "_timestamp": 1623779132, "_step": 68340}