{"ep_reward": 1.0, "ep_reward_avg": 0.6, "loss": 0.11131696403026581, "eps": 0.9987526, "fps": 91.40993937525623, "_runtime": 30, "_timestamp": 1623743601, "_step": 1260}