{"ep_reward": 1.0, "ep_reward_avg": 0.3, "loss": 0.01631314679980278, "eps": 0.99802, "fps": 202.57349941338921, "_runtime": 28, "_timestamp": 1623745300, "_step": 2000}