{"ep_reward": 0.0, "ep_reward_avg": 1.4, "loss": 0.013957635865840121, "eps": 0.9951905799999999, "fps": 220.61330545165484, "_runtime": 41, "_timestamp": 1624014287, "_step": 5858}