{"ep_reward": 6.0, "ep_reward_avg": 3.8, "loss": 0.013613376664302972, "eps": 0.41815621, "fps": 181.97506263887803, "_runtime": 2887, "_timestamp": 1623928794, "_step": 587721}