{"ep_reward": 2.0, "ep_reward_avg": 0.4, "loss": 0, "eps": 0.991981, "fps": 410.8265787849261, "_runtime": 40, "_timestamp": 1623748149, "_step": 8100}