{"ep_reward": 0.0, "ep_reward_avg": 1.2857142857142858, "loss": 0.008714018230819706, "eps": 0.9998218000000001, "fps": 160.57016843791237, "_runtime": 24, "_timestamp": 1624013625, "_step": 1180}