{"ep_reward": 1.0, "ep_reward_avg": 0.6, "loss": 0.004538537934422493, "eps": 0.9371944000000001, "fps": 1.7482676365746912, "_runtime": 423, "_timestamp": 1623746677, "_step": 63440}