{"ep_reward": 0.0, "ep_reward_avg": 0.4, "loss": 0, "eps": 0.9674092000000001, "fps": 479.6755654781143, "_runtime": 105, "_timestamp": 1623747836, "_step": 32920}