{"ep_reward": 1.0, "ep_reward_avg": 1.8, "loss": 0.07413503523638251, "eps": 0.97602121, "fps": 255.09509286817834, "_runtime": 111, "_timestamp": 1623958713, "_step": 25221}