{"ep_reward": 0.0, "ep_reward_avg": 0.7, "loss": 0.012894717821140492, "eps": 0.94914667, "fps": 147.46634230332165, "_runtime": 372, "_timestamp": 1624014069, "_step": 52367}