{"ep_reward": 1.0, "ep_reward_avg": 0.6, "loss": 0.038032848649085724, "eps": 0.9070588, "fps": 171.67382926750236, "_runtime": 577, "_timestamp": 1623762436, "_step": 93880}