{"ep_reward": 1.0, "ep_reward_avg": 0.4, "loss": 0, "eps": 0.99282151, "fps": 613.5650492599872, "_runtime": 112, "_timestamp": 1623657796, "_step": 7251}