{"ep_reward": 0.0, "ep_reward_avg": 0.1, "loss": 0, "eps": 0.9905158, "fps": 383.0581919400887, "_runtime": 42, "_timestamp": 1623749402, "_step": 9580}