{"ep_reward": 0.0, "ep_reward_avg": 0.2, "loss": 0, "eps": 0.9958321, "fps": 362.7772170368309, "_runtime": 23, "_timestamp": 1623700385, "_step": 4210}