{"ep_reward": 0.0, "ep_reward_avg": 0.1, "loss": 0, "eps": 0.9893377000000001, "fps": 423.4494879662185, "_runtime": 49, "_timestamp": 1623747894, "_step": 10770}