{"ep_reward": 1.0, "ep_reward_avg": 0.6, "loss": 0, "eps": 0.9649045, "fps": 344.7339816214509, "_runtime": 147, "_timestamp": 1623751836, "_step": 35450}