{"ep_reward": 0.0, "ep_reward_avg": 0.0, "loss": 0.10474240227763483, "eps": 0.9984358, "fps": 71.3284658292141, "_runtime": 134, "_timestamp": 1623700651, "_step": 1580}