{"ep_reward": 1.0, "ep_reward_avg": 0.3, "loss": 0.006075097247958183, "eps": 0.9192258999999999, "fps": 290.794591367173, "_runtime": 445, "_timestamp": 1623753499, "_step": 81590}