{"ep_reward": 31.0, "ep_reward_avg": 51.4, "loss": 0.004925822185473622, "eps": 0.01, "fps": 184.79988238372258, "_runtime": 5602, "_timestamp": 1623844223, "_step": 1128787}