{"ep_reward": 0.0, "ep_reward_avg": 0.1, "loss": 1.8775508097182194, "eps": 0.9962083, "fps": 91.9495782780553, "_runtime": 49, "_timestamp": 1623696451, "_step": 3830}