{"ep_reward": 0.0, "ep_reward_avg": 0.2, "loss": 0.05918457731604576, "eps": 0.7654888, "fps": 244.69051792141514, "_runtime": 1130, "_timestamp": 1623762437, "_step": 236880}