{"ep_reward": 0.0, "ep_reward_avg": 0.2, "loss": 0.08471730351448059, "eps": 0.8960104, "fps": 271.923645229941, "_runtime": 675, "_timestamp": 1623773752, "_step": 105040}