{"ep_reward": 3.0, "ep_reward_avg": 1.1111111111111112, "loss": 0, "eps": 1, "fps": 538.4253734306557, "_runtime": 14, "_timestamp": 1623936771, "_step": 1391}