{"ep_reward": 0.0, "ep_reward_avg": 0.1, "loss": 0.19651886820793152, "eps": 0.9604197999999999, "fps": 212.34130804669047, "_runtime": 212, "_timestamp": 1623756514, "_step": 39980}