{"ep_reward": 1.0, "ep_reward_avg": 1.1666666666666667, "loss": 0, "eps": 1, "fps": 535.8600476192603, "_runtime": 13, "_timestamp": 1623958521, "_step": 973}