{"ep_reward": 0.0, "ep_reward_avg": 0.1, "loss": 0, "eps": 0.9815167, "fps": 395.32259677247504, "_runtime": 69, "_timestamp": 1623748523, "_step": 18670}