{"ep_reward": 0.0, "ep_reward_avg": 1.0, "loss": 0.19385518992498155, "eps": 0.99467776, "fps": 239.38217145685547, "_runtime": 37, "_timestamp": 1624014598, "_step": 6376}