{"ep_reward": 1.0, "ep_reward_avg": 0.4, "loss": 0.0064070913431092565, "eps": 0.9161371, "fps": 83.6002398754866, "_runtime": 1175, "_timestamp": 1623696167, "_step": 84710}