{"ep_reward": 0.0, "ep_reward_avg": 0.1, "loss": 0, "eps": 0.9992179, "fps": 507.84112361088444, "_runtime": 15, "_timestamp": 1623741277, "_step": 790}