{"ep_reward": 3.0, "ep_reward_avg": 1.5, "loss": 0.015156279783437747, "eps": 0.99958519, "fps": 218.7815437908508, "_runtime": 35, "_timestamp": 1623960952, "_step": 1419}