{"ep_reward": 1.0, "ep_reward_avg": 1.2, "loss": 0.0024682598377348468, "eps": 0.40179250000000005, "fps": 79.67058247041675, "_runtime": 9456, "_timestamp": 1623772359, "_step": 604250}