{"ep_reward": 280.0, "ep_reward_avg": 277.5, "loss": 0.002983462140421325, "eps": 0.01, "fps": 178.54943248515528, "_runtime": 13103, "_timestamp": 1624009628, "_step": 2421077}