{"ep_reward": 2.0, "ep_reward_avg": 1.9, "loss": 0.014673460472491167, "eps": 0.97286311, "fps": 239.07060350950206, "_runtime": 124, "_timestamp": 1623958711, "_step": 28411}