{"ep_reward": 0.0, "ep_reward_avg": 1.2857142857142858, "loss": 0, "eps": 1, "fps": 477.62980714976004, "_runtime": 15, "_timestamp": 1624080359, "_step": 1180}