{"ep_reward": 0.0, "ep_reward_avg": 1.3, "loss": 0.09367325357144779, "eps": 0.94442239, "fps": 234.1334907345563, "_runtime": 240, "_timestamp": 1624014997, "_step": 57139}