{"ep_reward": 0.0, "ep_reward_avg": 0.0, "loss": 0.16430523991584778, "eps": 0.9358677999999999, "fps": 242.98208910863656, "_runtime": 339, "_timestamp": 1623745685, "_step": 64780}