{"ep_reward": 0.0, "ep_reward_avg": 0.9, "loss": 0.029389073269926652, "eps": 0.75654118, "fps": 186.18796868289783, "_runtime": 991, "_timestamp": 1623781129, "_step": 245918}