{"ep_reward": 50.0, "ep_reward_avg": 32.7, "loss": 0.0024048096553243403, "eps": 0.01, "fps": 171.85769463060169, "_runtime": 6079, "_timestamp": 1623925751, "_step": 1168037}