{"ep_reward": 0.0, "ep_reward_avg": 0.0, "loss": 0.10578133165836334, "eps": 0.9981091000000001, "fps": 212.19740439955962, "_runtime": 27, "_timestamp": 1623747333, "_step": 1910}