{"ep_reward": 2.0, "ep_reward_avg": 0.5, "loss": 0, "eps": 0.9990496000000001, "fps": 168.41658923705668, "_runtime": 20, "_timestamp": 1623699247, "_step": 960}