{"ep_reward": 0.0, "ep_reward_avg": 0.8, "loss": 0.011370285927758643, "eps": 0.99673993, "fps": 239.26933173537682, "_runtime": 28, "_timestamp": 1624014393, "_step": 4293}