{"ep_reward": 0.0, "ep_reward_avg": 0.2, "loss": 0, "eps": 0.9989803, "fps": 164.63192365059606, "_runtime": 34, "_timestamp": 1623743455, "_step": 1030}