{"ep_reward": 178.0, "ep_reward_avg": 257.3, "loss": 0.0016560051117295324, "eps": 0.01, "fps": 180.42359117962786, "_runtime": 14452, "_timestamp": 1624029552, "_step": 2631158}