{"ep_reward": 0.0, "ep_reward_avg": 0.4, "loss": 0, "eps": 0.9944659, "fps": 322.4856155270741, "_runtime": 33, "_timestamp": 1623751679, "_step": 5590}