{"ep_reward": 86.0, "ep_reward_avg": 96.9, "loss": 0.004206882960198669, "eps": 0.01, "fps": 187.9465029580509, "_runtime": 7918, "_timestamp": 1623981158, "_step": 1619906}