{"ep_reward": 0.0, "ep_reward_avg": 0.3, "loss": 0.13716047902427744, "eps": 0.8231365, "fps": 158.7666151746912, "_runtime": 1009, "_timestamp": 1623775266, "_step": 178650}