{"ep_reward": 0.0, "ep_reward_avg": 0.2, "loss": 0.0067719933576881886, "eps": 0.9167311, "fps": 236.4847608284775, "_runtime": 510, "_timestamp": 1623773686, "_step": 84110}