{"ep_reward": 0.0, "ep_reward_avg": 0.1, "loss": 0.10721251368522644, "eps": 0.9995742999999999, "fps": 86.39390731655767, "_runtime": 24, "_timestamp": 1623744351, "_step": 430}