{"ep_reward": 2.0, "ep_reward_avg": 1.5, "loss": 0, "eps": 0.9319543299999999, "fps": 552.905465378903, "_runtime": 154, "_timestamp": 1624079713, "_step": 69733}