{"ep_reward": 0.0, "ep_reward_avg": 0.2, "loss": 0.1252377120315416, "eps": 0.9989703999999999, "fps": 103.66081125293928, "_runtime": 22, "_timestamp": 1623696603, "_step": 1040}