{"ep_reward": 0.0, "ep_reward_avg": 0.4, "loss": 0.29398080706596375, "eps": 0.9604197999999999, "fps": 214.47085815918186, "_runtime": 613, "_timestamp": 1623755210, "_step": 39980}