{"ep_reward": 139.0, "ep_reward_avg": 151.6, "loss": 0.0020275128741539, "eps": 0.01, "fps": 93.18930046699641, "_runtime": 19967, "_timestamp": 1623957111, "_step": 1948255}