{"ep_reward": 0.0, "ep_reward_avg": 0.4, "loss": 0, "eps": 0.9987229, "fps": 358.0444563212376, "_runtime": 39, "_timestamp": 1623751175, "_step": 1290}