{"ep_reward": 0.0, "ep_reward_avg": 0.4, "loss": 0.10777716338634491, "eps": 0.9787249, "fps": 204.6726878873323, "_runtime": 236, "_timestamp": 1623747135, "_step": 21490}