{"ep_reward": 1.0, "ep_reward_avg": 0.3, "loss": 0.19954396784305573, "eps": 0.9931393000000001, "fps": 213.3898636162021, "_runtime": 51, "_timestamp": 1623747546, "_step": 6930}