{"ep_reward": 0.0, "ep_reward_avg": 0.6, "loss": 0, "eps": 0.9987724, "fps": 109.5150861530707, "_runtime": 26, "_timestamp": 1623741551, "_step": 1240}