{"ep_reward": 0.0, "ep_reward_avg": 0.5, "loss": 0.17970769107341766, "eps": 0.8312248, "fps": 188.32036856283918, "_runtime": 850, "_timestamp": 1623762437, "_step": 170480}