{"ep_reward": 0.0, "ep_reward_avg": 1.2857142857142858, "loss": 0.008714028818562917, "eps": 0.9998218000000001, "fps": 165.77975616295825, "_runtime": 114, "_timestamp": 1624010641, "_step": 1180}