{"ep_reward": 5.0, "ep_reward_avg": 2.8, "loss": 0.004858480727435614, "eps": 0.2863585, "fps": 180.56805503037592, "_runtime": 3505, "_timestamp": 1623779314, "_step": 720850}