{"ep_reward": 0.0, "ep_reward_avg": 0.6, "loss": 0.005252092145383358, "eps": 0.9778735000000001, "fps": 230.44800592429797, "_runtime": 144, "_timestamp": 1623773049, "_step": 22350}