{"ep_reward": 1.0, "ep_reward_avg": 0.2, "loss": 0.1035996600985527, "eps": 0.9836847999999999, "fps": 246.8318314152667, "_runtime": 78, "_timestamp": 1623753036, "_step": 16480}