{"ep_reward": 1.0, "ep_reward_avg": 1.0, "loss": 0.009144297472338723, "eps": 0.9046392400000001, "fps": 185.06714399263984, "_runtime": 574, "_timestamp": 1624080327, "_step": 146324}