{"ep_reward": 0.0, "ep_reward_avg": 0.4, "loss": 0.19886985421180725, "eps": 0.9604197999999999, "fps": 250.5798749555175, "_runtime": 221, "_timestamp": 1623753750, "_step": 39980}