{"ep_reward": 0.0, "ep_reward_avg": 0.1, "loss": 0, "eps": 0.9957826, "fps": 377.7867971004844, "_runtime": 29, "_timestamp": 1623751511, "_step": 4260}