{"ep_reward": 0.0, "ep_reward_avg": 0.5, "loss": 0.24958194759374575, "eps": 0.9980794, "fps": 150.92905268785512, "_runtime": 24, "_timestamp": 1623696672, "_step": 1940}