{"ep_reward": 1.0, "ep_reward_avg": 0.8, "loss": 2.185421868303342, "eps": 0.9976834, "fps": 99.29226835850575, "_runtime": 35, "_timestamp": 1623696336, "_step": 2340}