{"ep_reward": 0.0, "ep_reward_avg": 0.1, "loss": 0.008696448057889938, "eps": 0.9472429, "fps": 206.76697266583648, "_runtime": 332, "_timestamp": 1623746055, "_step": 53290}